index,type,C
0,pipe,159.99999970361924
1,pipe,159.99999970361924
2,pipe,159.99999970361924
3,pipe,159.9999997188138
4,pipe,159.9999997188138
5,pipe,159.9999997188138
6,pipe,159.9999997188138
7,pipe,159.9999997188138
8,pipe,159.9999997188138
9,pipe,45.000000190484876
10,pipe,45.000000190484876
11,pipe,45.000000190484876
12,pipe,45.000000190484876
13,pipe,159.9999997188138
14,pipe,159.99999998743158
15,pipe,159.99999969465506
16,pipe,159.99999969465506
17,pipe,159.99999998743158
18,pipe,159.99999969465506
19,pipe,159.99999969465506
20,pipe,159.99999969465506
21,pipe,159.99999969465506
22,pipe,159.99999969465506
23,pipe,159.99999969465506
24,pipe,159.99999969465506
25,pipe,159.9999979427716
26,pipe,96.17024294623828
27,pipe,159.99999969465506
28,pipe,96.17024294623828
29,pipe,159.9999997188138
30,pipe,159.99999970361924
31,pipe,159.99999970361924
32,pipe,159.99999970361924
33,pipe,123.55650297849681
34,pipe,159.9999997188138
35,pipe,45.000000190484876
36,pipe,123.55650297849681
37,pipe,123.55650297849681
38,pipe,123.55650297849681
39,pipe,159.99999997287114
40,pipe,159.9999997188138
41,pipe,159.9999997188138
42,pipe,123.55650297849681
43,pipe,159.9999997188138
44,pipe,45.000000190484876
45,pipe,159.9999979427716
46,pipe,159.99999969465506
47,pipe,159.99999998743158
48,pipe,159.99999998743158
49,pipe,159.99999998743158
50,pipe,159.99999998743158
51,pipe,159.99999998743158
52,pipe,159.99999986457914
53,pipe,159.9999979427716
54,pipe,159.99999998743158
55,pipe,159.99999998743158
56,pipe,159.99999998743158
57,pipe,159.99999998743158
58,pipe,159.99999986457914
59,pipe,159.99999974586189
60,pipe,123.55650297849681
61,pipe,159.99994673276134
62,pipe,159.99999998743158
63,pipe,96.17024294623828
64,pipe,96.17024294623828
65,pipe,96.17024294623828
66,pipe,159.99999974586189
67,pipe,123.55650297849681
68,pipe,159.99999974586189
69,pipe,159.99999970361924
70,pipe,159.99999974586189
71,pipe,159.99999974586189
72,pipe,159.99999974586189
73,pipe,159.9999997188138
74,pipe,159.9999997188138
75,pipe,159.9999979427716
76,pipe,159.9999979427716
77,pipe,159.9999979427716
78,pipe,159.9999979427716
79,pipe,159.99999986457914
80,pipe,159.9999979427716
81,pipe,159.9999979427716
82,pipe,159.9999979427716
83,pipe,159.9999979427716
84,pipe,159.9999979427716
85,pipe,159.9999979427716
86,pipe,159.99999998743158
87,pipe,159.99999998743158
88,pipe,159.99999998743158
89,pipe,159.99999998743158
90,pipe,159.99999998743158
91,pipe,159.9999979427716
92,pipe,159.9999979427716
93,pipe,159.9999997188138
94,pipe,123.55650297849681
95,pipe,123.55650297849681
96,pipe,123.55650297849681
97,pipe,159.9999979427716
98,pipe,159.9999979427716
99,pipe,159.9999979427716
100,pipe,159.9999979427716
101,pipe,159.9999979427716
102,pipe,159.9999979427716
103,pipe,159.9999979427716
104,pipe,159.99999969465506
105,pipe,159.9999979427716
106,pipe,159.99999986457914
107,pipe,159.9999997188138
108,pipe,159.99999986457914
109,pipe,159.9999979427716
110,pipe,159.9999979427716
111,pipe,159.99999986457914
112,pipe,159.99999986457914
113,pipe,159.99999998743158
114,pipe,159.9999979427716
115,pipe,159.99999998743158
116,pipe,159.9999979427716
117,pipe,159.9999979427716
118,pipe,88.41819999999998
119,pipe,159.9999979427716
120,pipe,159.9999979427716
121,pipe,159.9999979427716
122,pipe,159.99999998743158
123,pipe,159.99999998743158
124,pipe,159.9999979427716
125,pipe,159.9999997188138
126,pipe,159.99999969465506
127,pipe,159.99999970361924
128,pipe,159.99999969465506
129,pipe,159.99999969465506
130,pipe,159.99999969465506
131,pipe,159.99999969465506
132,pipe,159.99999969465506
133,pipe,159.9999979427716
134,pipe,159.99999969465506
135,pipe,96.17024294623828
136,pipe,159.99999970361924
137,pipe,123.55650297849681
138,pipe,123.55650297849681
139,pipe,159.9999979427716
140,pipe,159.9999979427716
141,pipe,159.9999979427716
142,pipe,159.9999979427716
143,pipe,159.99999998743158
144,pipe,159.99999969465506
145,pipe,159.99999998743158
146,pipe,159.99999998743158
147,pipe,159.99999986457914
148,pipe,159.99999969465506
149,pipe,159.9999997188138
150,pipe,159.99999970361924
151,pipe,159.9999997188138
152,pipe,45.000000190484876
153,pipe,45.000000190484876
154,pipe,45.000000190484876
155,pipe,88.41819999999998
156,pipe,159.99999986457914
157,pipe,159.99999970361924
158,pipe,159.99999970361924
159,pipe,159.99999970361924
160,pipe,159.99999970361924
161,pipe,159.99999970361924
162,pipe,159.99999970361924
163,pipe,159.99999970361924
164,pipe,159.9999997188138
165,pipe,159.9999997188138
166,pipe,45.000000190484876
167,pipe,159.99999998743158
168,pipe,159.99999969465506
169,pipe,45.000000190484876
170,pipe,159.9999979427716
171,pipe,159.9999979427716
172,pipe,159.99999148658347
173,pipe,159.99999998743158
174,pipe,159.99999969465506
175,pipe,159.9999979427716
176,pipe,159.99999986457914
177,pipe,159.99999970361924
178,pipe,159.99999970361924
179,pipe,45.000000190484876
180,pipe,45.000000190484876
181,pipe,159.9999997188138
182,pipe,159.9999997188138
183,pipe,159.9999997188138
184,pipe,159.9999997188138
185,pipe,159.9999997188138
186,pipe,45.000000190484876
187,pipe,159.99999986457914
188,pipe,159.99999998743158
189,pipe,159.9999979427716
190,pipe,159.9999997188138
191,pipe,159.99999998743158
192,pipe,159.99999997287114
193,pipe,159.9999979427716
194,pipe,159.99999148658347
195,pipe,159.99999148658347
196,pipe,159.99999148658347
197,pipe,159.99999148658347
198,pipe,96.17024294623828
199,pipe,96.17024294623828
200,pipe,159.99999969465506
201,pipe,159.99999986457914
202,pipe,159.99999969465506
203,pipe,159.99999969465506
204,pipe,159.9999979427716
205,pipe,159.99999998743158
206,pipe,159.99999998743158
207,pipe,159.99999998743158
208,pipe,159.9999979427716
209,pipe,159.99999148658347
210,pipe,159.99999998743158
211,pipe,159.99999998743158
212,pipe,159.99999969465506
213,pipe,159.9999979427716
214,pipe,159.9999979427716
215,pipe,159.9999979427716
216,pipe,159.99999969465506
217,pipe,159.99999969465506
218,pipe,159.99999990555898
219,pipe,45.000000190484876
220,pipe,159.99999970361924
221,pipe,159.9999997188138
222,pipe,159.99999969465506
223,pipe,159.99999969465506
224,pipe,159.99999997287114
225,pipe,159.9999997188138
226,pipe,159.99999997287114
227,pipe,159.99999970361924
228,pipe,159.99999970361924
229,pipe,159.99999998743158
230,pipe,159.9999997188138
231,pipe,159.9999997188138
232,pipe,159.9999997188138
233,pipe,159.99999974586189
234,pipe,159.9999997188138
235,pipe,159.9999979427716
236,pipe,159.9999997188138
237,pipe,96.17024294623828
238,pipe,159.99999997287114
239,pipe,159.99999997287114
240,pipe,159.99999997287114
241,pipe,159.99999997287114
242,pipe,159.99999997287114
243,pipe,159.99999997287114
244,pipe,159.99999997287114
245,pipe,159.99999997287114
246,pipe,159.99999997287114
247,pipe,159.99999997287114
248,pipe,159.99999997287114
249,pipe,159.99999997287114
250,pipe,159.99999997287114
251,pipe,159.99999997287114
252,pipe,159.9999997188138
253,pipe,159.99999997287114
254,pipe,159.99999998743158
255,pipe,159.99999997287114
256,pipe,159.99999986457914
257,pipe,159.99999974586189
258,pipe,159.99999990555898
259,pipe,123.55650297849681
260,pipe,159.99999997287114
261,pipe,159.99999997287114
262,pipe,159.99999997287114
263,pipe,159.99999997287114
264,pipe,159.99999997287114
265,pipe,159.99999997287114
266,pipe,159.99999997287114
267,pipe,159.99999997287114
268,pipe,159.99999974586189
269,pipe,159.99999974586189
270,pipe,159.9999997188138
271,pipe,159.99994673276134
272,pipe,123.55650297849681
273,pipe,159.99999974586189
274,pipe,159.99999997287114
275,pipe,159.99999997287114
276,pipe,159.99999997287114
277,pipe,159.9999997188138
278,pipe,159.99999974586189
279,pipe,159.99999974586189
280,pipe,159.99999974586189
281,pipe,159.99999997287114
282,pipe,159.99999997287114
283,pipe,159.99999997287114
284,pipe,159.99999997287114
285,pipe,159.99999997287114
286,pipe,159.99999997287114
287,pipe,159.99999997287114
288,pipe,159.99999997287114
289,pipe,159.99999974586189
290,pipe,159.99999997287114
291,pipe,96.17024294623828
292,pipe,159.99999997287114
293,pipe,159.99999997287114
294,pipe,159.99999997287114
295,pipe,159.9999997188138
296,pipe,159.99999997287114
297,pipe,159.99999997287114
298,pipe,159.99999997287114
299,pipe,159.99999997287114
300,pipe,159.99999997287114
301,pipe,159.9999997188138
302,pipe,159.99999997287114
303,pipe,159.99999997287114
304,pipe,159.99999969465506
305,pipe,159.99999997287114
306,pipe,159.99999997287114
307,pipe,159.99999997287114
308,pipe,159.99999997287114
309,pipe,159.9999997188138
310,pipe,159.9999997188138
311,pipe,159.9999997188138
312,pipe,123.55650297849681
313,pipe,159.99999997287114
314,pipe,159.9999979427716
315,pipe,159.99999148658347
316,pipe,159.9999997188138
317,pipe,159.9999997188138
318,pipe,159.99999997287114
319,pipe,159.9999997188138
320,pipe,159.99999997287114
321,pipe,45.00000186738001
322,pipe,123.55650297849681
323,pipe,123.55650297849681
324,pipe,159.99999997287114
325,pipe,45.000000190484876
326,pipe,159.9999997188138
327,pipe,159.9999997188138
328,pipe,159.99999997287114
329,pipe,159.99999997287114
330,pipe,159.99999998743158
331,pipe,159.99999969465506
332,pipe,159.99999997287114
333,pipe,159.99999997287114
334,pipe,159.99999997287114
335,pipe,123.55650297849681
336,pipe,159.9999997188138
337,pipe,159.9999997188138
338,pipe,159.9999997188138
339,pipe,159.99999997287114
340,pipe,159.99999974586189
341,pipe,88.41819999999998
342,pipe,96.17024294623828
343,pipe,159.99999148658347
344,pipe,159.9999979427716
345,pipe,159.99999997287114
346,pipe,159.9999997188138
347,pipe,159.9999997188138
348,pipe,159.9999997188138
349,pipe,159.9999997188138
350,pipe,159.99999970609008
351,pipe,159.9999997188138
352,pipe,159.9999997188138
353,pipe,159.9999997188138
354,pipe,159.9999997188138
355,pipe,159.9999997188138
356,pipe,159.9999997188138
357,pipe,159.9999997188138
358,pipe,159.9999997188138
359,pipe,159.9999997188138
360,pipe,159.9999997188138
361,pipe,159.9999997188138
362,pipe,159.9999997188138
363,pipe,159.9999997188138
364,pipe,159.9999997188138
365,pipe,159.9999997188138
366,pipe,45.000000190484876
367,pipe,45.000000190484876
368,pipe,159.99999990555898
369,pipe,159.9999997188138
370,pipe,159.9999997188138
371,pipe,159.99999990555898
372,pipe,45.000000190484876
373,pipe,45.000000190484876
374,pipe,159.99999990555898
375,pipe,159.99999997287114
376,pipe,159.99999997287114
377,pipe,159.99999997287114
378,pipe,159.99999990555898
379,pipe,45.000000190484876
380,pipe,159.99999990555898
381,pipe,159.99999990555898
382,pipe,159.99999974586189
383,pipe,159.9999997188138
384,pipe,159.99999974586189
385,pipe,159.99999974586189
386,pipe,159.99999974586189
387,pipe,159.99999974586189
388,pipe,159.99999974586189
389,pipe,159.99999974586189
390,pipe,159.99999974586189
391,pipe,159.9999997188138
392,pipe,159.9999997188138
393,pipe,159.99999974586189
394,pipe,159.99999974586189
395,pipe,159.99999974586189
396,pipe,159.99999974586189
397,pipe,159.9999997188138
398,pipe,159.9999997188138
399,pipe,159.9999997188138
400,pipe,159.9999997188138
401,pipe,159.99999974586189
402,pipe,159.99999974586189
403,pipe,159.99999997287114
404,pipe,159.99999997287114
405,pipe,159.9999997188138
406,pipe,159.99999974586189
407,pipe,159.99999974586189
408,pipe,159.99999970361924
409,pipe,159.99999974586189
410,pipe,159.99999997287114
411,pipe,159.99999974586189
412,pipe,159.99999974586189
413,pipe,159.99999974586189
414,pipe,159.99999974586189
415,pipe,159.99999997287114
416,pipe,159.99999997287114
417,pipe,159.99999997287114
418,pipe,159.99999974586189
419,pipe,159.99999974586189
420,pipe,159.99999974586189
421,pipe,159.99999974586189
422,pipe,159.99999997287114
423,pipe,159.99999997287114
424,pipe,159.99999997287114
425,pipe,159.99999997287114
426,pipe,159.99999997287114
427,pipe,159.99999997287114
428,pipe,159.99999974586189
429,pipe,159.99999997287114
430,pipe,159.99999974586189
431,pipe,159.99999997287114
432,pipe,159.99999974586189
433,pipe,159.99999997287114
434,pipe,159.99999974586189
435,pipe,159.99999997287114
436,pipe,159.99999974586189
437,pipe,159.99999997287114
438,pipe,159.99999974586189
439,pipe,159.99999997287114
440,pipe,159.99999974586189
441,pipe,159.99999974586189
442,pipe,159.99999974586189
443,pipe,159.99999997287114
444,pipe,159.99999997287114
445,pipe,159.99999974586189
446,pipe,159.99999974586189
447,pipe,159.99999974586189
448,pipe,159.99999974586189
449,pipe,159.99999974586189
450,pipe,159.99999974586189
451,pipe,159.99999974586189
452,pipe,159.99999974586189
453,pipe,159.99999974586189
454,pipe,159.99999997287114
455,pipe,159.99999997287114
456,pipe,159.99999997287114
457,pipe,159.99999997287114
458,pipe,159.99999974586189
459,pipe,159.99999997287114
460,pipe,159.99999974586189
461,pipe,159.99999997287114
462,pipe,159.99999974586189
463,pipe,159.99999974586189
464,pipe,159.99999990555898
465,pipe,159.99999990555898
466,pipe,159.9999997188138
467,pipe,159.9999997188138
468,pipe,159.9999997188138
469,pipe,159.9999997188138
470,pipe,159.9999997188138
471,pipe,159.99999990555898
472,pipe,159.99999990555898
473,pipe,159.99999701525707
474,pipe,159.99999701525707
475,pipe,159.99999701525707
476,pipe,159.99999701525707
477,pipe,159.9999997188138
478,pipe,159.9999997188138
479,pipe,159.99999970361924
480,pipe,159.99999970361924
481,pipe,159.99999970361924
482,pipe,159.99999970361924
483,pipe,159.99999970361924
484,pipe,159.9999997188138
485,pipe,159.9999997188138
486,pipe,159.99999970361924
487,pipe,159.99999970361924
488,pipe,159.99999970361924
489,pipe,159.99999970361924
490,pipe,159.99999970361924
491,pipe,159.99999970361924
492,pipe,159.99999970361924
493,pipe,159.9999997188138
494,pipe,159.9999997188138
495,pipe,159.9999997188138
496,pipe,159.9999997188138
497,pipe,159.9999997188138
498,pipe,159.9999997188138
499,pipe,159.99999997287114
500,pipe,159.9999997188138
501,pipe,159.9999997188138
502,pipe,159.9999997188138
503,pipe,159.9999997188138
504,pipe,159.9999997188138
505,pipe,159.9999997188138
506,pipe,159.9999997188138
507,pipe,159.9999997188138
508,pipe,159.9999997188138
509,pipe,159.9999997188138
510,pipe,159.9999997188138
511,pipe,159.9999997188138
512,pipe,159.9999997188138
513,pipe,45.000000190484876
514,pipe,45.000000190484876
515,pipe,45.000000190484876
516,pipe,45.000000190484876
517,pipe,45.000000190484876
518,pipe,159.99999970361924
519,pipe,159.99999970361924
520,pipe,159.9999997188138
521,pipe,159.99999970361924
522,pipe,159.99999970361924
523,pipe,159.99999970361924
524,pipe,123.55650297849681
525,pipe,159.9999997188138
526,pipe,159.9999997188138
527,pipe,159.99999970361924
528,pipe,123.55650297849681
529,pipe,159.99999970361924
530,pipe,123.55650297849681
531,pipe,159.99999970361924
532,pipe,159.99999970361924
533,pipe,159.9999997188138
534,pipe,159.9999997188138
535,pipe,159.99999970361924
536,pipe,159.99999970361924
537,pipe,159.99999970361924
538,pipe,159.9999997188138
539,pipe,159.9999997188138
540,pipe,159.99999970361924
541,pipe,123.55650297849681
542,pipe,96.17024294623828
543,pipe,159.9999997188138
544,pipe,159.99999997287114
545,pipe,123.55650297849681
546,pipe,159.9999997188138
547,pipe,159.99999701525707
548,pipe,159.9999997188138
549,pipe,159.9999997188138
550,pipe,159.9999997188138
551,pipe,159.99999701525707
552,pipe,159.99999701525707
553,pipe,159.9999997188138
554,pipe,159.9999997188138
555,pipe,159.99999701525707
556,pipe,123.55650297849681
557,pipe,159.99999970361924
558,pipe,159.9999997188138
559,pipe,159.9999997188138
560,pipe,159.9999997188138
561,pipe,159.9999997188138
562,pipe,159.99999970361924
563,pipe,159.99999970361924
564,pipe,123.55650297849681
565,pipe,123.55650297849681
566,pipe,45.000000190484876
567,pipe,45.000000190484876
568,pipe,123.55650297849681
569,pipe,123.55650297849681
570,pipe,123.55650297849681
571,pipe,123.55650297849681
572,pipe,123.55650297849681
573,pipe,123.55650297849681
574,pipe,123.55650297849681
575,pipe,123.55650297849681
576,pipe,123.55650297849681
577,pipe,123.55650297849681
578,pipe,123.55650297849681
579,pipe,123.55650297849681
580,pipe,159.9999997188138
581,pipe,159.9999997188138
582,pipe,159.99999997287114
583,pipe,159.99999997287114
584,pipe,159.9999997188138
585,pipe,159.9999997188138
586,pipe,159.9999997188138
587,pipe,159.9999997188138
588,pipe,159.9999997188138
589,pipe,159.9999997188138
590,pipe,159.9999997188138
591,pipe,159.9999997188138
592,pipe,159.9999997188138
593,pipe,159.9999997188138
594,pipe,159.9999997188138
595,pipe,159.9999997188138
596,pipe,159.9999997188138
597,pipe,159.9999997188138
598,pipe,159.99999997287114
599,pipe,159.9999997188138
600,pipe,159.9999997188138
601,pipe,159.9999997188138
602,pipe,159.9999997188138
603,pipe,159.9999997188138
604,pipe,45.000000190484876
605,pipe,159.9999997188138
606,pipe,159.9999997188138
607,pipe,159.9999997188138
608,pipe,159.9999997188138
609,pipe,159.99999997287114
610,pipe,123.55650297849681
611,pipe,45.000000190484876
612,pipe,45.000000190484876
613,pipe,45.000000190484876
614,pipe,45.000000190484876
615,pipe,45.000000190484876
616,pipe,45.000000190484876
617,pipe,45.000000190484876
618,pipe,123.55650297849681
619,pipe,45.000000190484876
620,pipe,45.000000190484876
621,pipe,123.55650297849681
622,pipe,123.55650297849681
623,pipe,123.55650297849681
624,pipe,123.55650297849681
625,pipe,159.9999997188138
626,pipe,159.9999997188138
627,pipe,159.9999997188138
628,pipe,45.000000190484876
629,pipe,45.000000190484876
630,pipe,45.000000190484876
631,pipe,123.55650297849681
632,pipe,45.000000190484876
633,pipe,45.000000190484876
634,pipe,45.000000190484876
635,pipe,159.99999990555898
636,pipe,159.99999990555898
637,pipe,159.99999990555898
638,pipe,159.9999997188138
639,pipe,159.9999997188138
640,pipe,159.9999997188138
641,pipe,159.9999997188138
642,pipe,159.9999997188138
643,pipe,159.9999997188138
644,pipe,159.9999997188138
645,pipe,159.9999997188138
646,pipe,159.9999997188138
647,pipe,159.99999990555898
648,pipe,159.99999990555898
649,pipe,159.9999997188138
650,pipe,159.9999997188138
651,pipe,159.9999997188138
652,pipe,123.55650297849681
653,pipe,159.99999997287114
654,pipe,159.99999997287114
655,pipe,159.99999997287114
656,pipe,159.99999997287114
657,pipe,159.99999997287114
658,pipe,159.99999997287114
659,pipe,159.99999997287114
660,pipe,159.99999997287114
661,pipe,159.99999997287114
662,pipe,159.99999997287114
663,pipe,159.99999997287114
664,pipe,159.99999997287114
665,pipe,159.99999997287114
666,pipe,159.99999997287114
667,pipe,159.99999997287114
668,pipe,159.99999997287114
669,pipe,159.99999997287114
670,pipe,159.99999997287114
671,pipe,159.99999997287114
672,pipe,159.99999997287114
673,pipe,159.99999997287114
674,pipe,159.99999997287114
675,pipe,159.99999997287114
676,pipe,159.99999997287114
677,pipe,159.99999997287114
678,pipe,159.99999997287114
679,pipe,159.99999997287114
680,pipe,159.99999997287114
681,pipe,159.99999997287114
682,pipe,159.99999997287114
683,pipe,159.99999997287114
684,pipe,159.99999997287114
685,pipe,159.99999997287114
686,pipe,159.99999997287114
687,pipe,159.99999997287114
688,pipe,159.99999997287114
689,pipe,159.99999997287114
690,pipe,159.99999997287114
691,pipe,159.99999997287114
692,pipe,159.99999997287114
693,pipe,159.99999997287114
694,pipe,159.99999997287114
695,pipe,159.99999997287114
696,pipe,159.99999997287114
697,pipe,159.99999997287114
698,pipe,159.99999997287114
699,pipe,159.99999997287114
700,pipe,159.99999997287114
701,pipe,159.99999997287114
702,pipe,159.99999997287114
703,pipe,159.99999997287114
704,pipe,159.99999997287114
705,pipe,159.99999997287114
706,pipe,159.99999997287114
707,pipe,159.99999997287114
708,pipe,159.99999997287114
709,pipe,159.99999997287114
710,pipe,159.99999997287114
711,pipe,159.99999997287114
712,pipe,159.99999997287114
713,pipe,159.99999997287114
714,pipe,159.99999997287114
715,pipe,159.99999997287114
716,pipe,159.99999997287114
717,pipe,159.99999997287114
718,pipe,159.99999997287114
719,pipe,159.99999997287114
720,pipe,159.99999997287114
721,pipe,159.99999997287114
722,pipe,159.99999997287114
723,pipe,159.99999997287114
724,pipe,159.99999997287114
725,pipe,159.99999997287114
726,pipe,159.99999997287114
727,pipe,159.99999997287114
728,pipe,159.99999997287114
729,pipe,159.99999997287114
730,pipe,123.55650297849681
731,pipe,123.55650297849681
732,pipe,159.99999997287114
733,pipe,159.99999997287114
734,pipe,159.99999997287114
735,pipe,123.55650297849681
736,pipe,159.99999997287114
737,pipe,159.99999997287114
738,pipe,159.99999997287114
739,pipe,159.99999997287114
740,pipe,159.99999997287114
741,pipe,159.99999997287114
742,pipe,159.99999997287114
743,pipe,159.99999997287114
744,pipe,159.99999997287114
745,pipe,159.99999997287114
746,pipe,159.99999997287114
747,pipe,159.99999997287114
748,pipe,159.99999997287114
749,pipe,159.99999974586189
750,pipe,159.99999997287114
751,pipe,159.99999974586189
752,pipe,159.99999974586189
753,pipe,159.99999974586189
754,pipe,159.99999974586189
755,pipe,159.99999974586189
756,pipe,159.99999974586189
757,pipe,159.99999974586189
758,pipe,159.99999974586189
759,pipe,123.55650297849681
760,pipe,159.99999974586189
761,pipe,159.99999974586189
762,pipe,159.99999974586189
763,pipe,159.99999974586189
764,pipe,159.99999974586189
765,pipe,159.99999974586189
766,pipe,159.99999974586189
767,pipe,159.99999974586189
768,pipe,159.99999974586189
769,pipe,88.41819999999998
770,pipe,159.99999986457914
771,pipe,159.9999979427716
772,pipe,159.9999979427716
773,pipe,159.9999979427716
774,pipe,159.9999979427716
775,pipe,159.99999998743158
776,pipe,159.99999998743158
777,pipe,159.99999986457914
778,pipe,159.99999986457914
779,pipe,159.9999997188138
780,pipe,159.99999998743158
781,pipe,159.99999986457914
782,pipe,159.99999998743158
783,pipe,159.99999998743158
784,pipe,159.99999998743158
785,pipe,159.99999986457914
786,pipe,159.99999998743158
787,pipe,159.99999998743158
788,pipe,159.99999998743158
789,pipe,159.99999998743158
790,pipe,159.9999979427716
791,pipe,159.9999979427716
792,pipe,159.99999998743158
793,pipe,159.99999998743158
794,pipe,159.99999998743158
795,pipe,159.9999997188138
796,pipe,159.9999997188138
797,pipe,159.9999997188138
798,pipe,159.9999979427716
799,pipe,159.9999997188138
800,pipe,159.99999998743158
801,pipe,159.9999979427716
802,pipe,159.99999998743158
803,pipe,159.99999998743158
804,pipe,159.99999998743158
805,pipe,159.99999998743158
806,pipe,159.99999998743158
807,pipe,159.99999998743158
808,pipe,159.99999986457914
809,pipe,159.9999997188138
810,pipe,159.99999997287114
811,pipe,159.99999998743158
812,pipe,159.99999998743158
813,pipe,159.99999998743158
814,pipe,159.99999998743158
815,pipe,159.99999998743158
816,pipe,159.99999998743158
817,pipe,159.99999998743158
818,pipe,159.99999998743158
819,pipe,159.99999998743158
820,pipe,159.99999998743158
821,pipe,159.99999986457914
822,pipe,159.9999979427716
823,pipe,159.9999979427716
824,pipe,159.9999979427716
825,pipe,159.9999979427716
826,pipe,159.9999979427716
827,pipe,159.9999979427716
828,pipe,159.9999979427716
829,pipe,159.9999979427716
830,pipe,159.9999979427716
831,pipe,159.9999979427716
832,pipe,159.9999979427716
833,pipe,159.9999979427716
834,pipe,159.9999979427716
835,pipe,159.9999979427716
836,pipe,159.9999979427716
837,pipe,159.9999979427716
838,pipe,159.9999979427716
839,pipe,159.9999979427716
840,pipe,159.9999979427716
841,pipe,159.9999979427716
842,pipe,159.9999979427716
843,pipe,159.9999979427716
844,pipe,159.9999979427716
845,pipe,159.9999979427716
846,pipe,159.9999979427716
847,pipe,159.9999979427716
848,pipe,159.9999979427716
849,pipe,159.9999979427716
850,pipe,159.9999979427716
851,pipe,159.9999979427716
852,pipe,159.9999979427716
853,pipe,159.9999979427716
854,pipe,159.9999979427716
855,pipe,159.9999979427716
856,pipe,159.9999979427716
857,pipe,159.9999979427716
858,pipe,159.9999979427716
859,pipe,159.9999979427716
860,pipe,159.9999979427716
861,pipe,159.9999979427716
862,pipe,159.9999979427716
863,pipe,159.9999979427716
864,pipe,159.9999979427716
865,pipe,159.9999979427716
866,pipe,159.9999979427716
867,pipe,159.9999979427716
868,pipe,159.9999979427716
869,pipe,159.9999979427716
870,pipe,159.9999979427716
871,pipe,159.9999979427716
872,pipe,159.9999979427716
873,pipe,159.9999979427716
874,pipe,159.9999979427716
875,pipe,159.9999979427716
876,pipe,159.9999979427716
877,pipe,159.9999979427716
878,pipe,159.9999979427716
879,pipe,159.9999979427716
880,pipe,159.9999979427716
881,pipe,159.9999979427716
882,pipe,159.9999979427716
883,pipe,159.9999979427716
884,pipe,159.9999979427716
885,pipe,159.9999979427716
886,pipe,159.9999979427716
887,pipe,159.9999997188138
888,pipe,159.9999979427716
889,pipe,159.9999979427716
890,pipe,159.9999979427716
891,pipe,159.99999998743158
892,pipe,159.99999998743158
893,pipe,159.99999998743158
894,pipe,159.99999998743158
895,pipe,159.99999998743158
896,pipe,159.99999998743158
897,pipe,159.99999998743158
898,pipe,159.99999969465506
899,pipe,159.99999969465506
900,pipe,45.00000186738001
901,pipe,45.00000186738001
902,pipe,45.00000186738001
903,pipe,96.17024294623828
904,pipe,159.99999969465506
905,pipe,159.99999969465506
906,pipe,159.99999969465506
907,pipe,159.99999969465506
908,pipe,159.99999969465506
909,pipe,159.99999969465506
910,pipe,159.99999969465506
911,pipe,159.99999969465506
912,pipe,159.99999969465506
913,pipe,159.99999969465506
914,pipe,159.99999969465506
915,pipe,159.99999969465506
916,pipe,159.99999969465506
917,pipe,159.9999979427716
918,pipe,159.9999979427716
919,pipe,159.9999979427716
920,pipe,159.99999998743158
921,pipe,159.99999998743158
922,pipe,159.99999998743158
923,pipe,159.99999986457914
924,pipe,159.99999998743158
925,pipe,159.99999986457914
926,pipe,159.99999998743158
927,pipe,159.9999979427716
928,pipe,159.99999986457914
929,pipe,159.9999997188138
930,pipe,159.99999998743158
931,pipe,159.99999998743158
932,pipe,159.99999998743158
933,pipe,159.99999998743158
934,pipe,159.99999998743158
935,pipe,159.99999998743158
936,pipe,159.99999998743158
937,pipe,159.99999998743158
938,pipe,159.99999986457914
939,pipe,159.99999998743158
940,pipe,159.9999997188138
941,pipe,159.9999979427716
942,pipe,159.9999979427716
943,pipe,159.9999979427716
944,pipe,159.9999997188138
945,pipe,159.99999148658347
946,pipe,159.99999998743158
947,pipe,159.9999979427716
948,pipe,159.99999969465506
949,pipe,159.9999979427716
950,pipe,159.9999979427716
951,pipe,159.99999998743158
952,pipe,159.99999998743158
953,pipe,159.99999998743158
954,pipe,159.99999998743158
955,pipe,159.99999998743158
956,pipe,159.99999998743158
957,pipe,159.99999998743158
958,pipe,159.99999998743158
959,pipe,159.99999998743158
960,pipe,159.99999998743158
961,pipe,159.99999998743158
962,pipe,159.99999969465506
963,pipe,159.99999998743158
964,pipe,159.99999998743158
965,pipe,159.99999998743158
966,pipe,159.99999998743158
967,pipe,159.99999998743158
968,pipe,159.99999969465506
969,pipe,159.9999979427716
970,pipe,159.9999979427716
971,pipe,159.99999148658347
972,pipe,159.99999998743158
973,pipe,159.9999997188138
974,pipe,159.9999997188138
975,pipe,159.9999997188138
976,pipe,159.99999998743158
977,pipe,159.99999998743158
978,pipe,159.9999997188138
979,pipe,159.9999997188138
980,pipe,159.9999997188138
981,pipe,159.99999969465506
982,pipe,159.99999998743158
983,pipe,96.17024294623828
984,pipe,159.9999979427716
985,pipe,159.9999979427716
986,pipe,159.99999998743158
987,pipe,159.99999998743158
988,pipe,159.99999998743158
989,pipe,159.9999997188138
990,pipe,159.9999997188138
991,pipe,159.9999997188138
992,pipe,159.9999997188138
993,pipe,159.9999997188138
994,pipe,159.9999997188138
995,pipe,159.99999969465506
996,pipe,45.00000186738001
997,pipe,159.99999998743158
998,pipe,159.9999979427716
999,pipe,159.9999979427716
1000,pipe,159.9999979427716
1001,pipe,159.9999979427716
1002,pipe,159.9999979427716
1003,pipe,159.9999979427716
1004,pipe,159.9999979427716
1005,pipe,159.99999969465506
1006,pipe,159.99999969465506
1007,pipe,159.99999969465506
1008,pipe,159.99999969465506
1009,pipe,159.99999986457914
1010,pipe,159.99999986457914
1011,pipe,159.99999969465506
1012,pipe,159.99999969465506
1013,pipe,96.17024294623828
1014,pipe,96.17024294623828
1015,pipe,96.17024294623828
1016,pipe,159.99999969465506
1017,pipe,96.17024294623828
1018,pipe,96.17024294623828
1019,pipe,96.17024294623828
1020,pipe,96.17024294623828
1021,pipe,96.17024294623828
1022,pipe,96.17024294623828
1023,pipe,88.41819999999998
1024,pipe,96.17024294623828
1025,pipe,96.17024294623828
1026,pipe,96.17024294623828
1027,pipe,96.17024294623828
1028,pipe,96.17024294623828
1029,pipe,96.17024294623828
1030,pipe,96.17024294623828
1031,pipe,96.17024294623828
1032,pipe,159.99999969465506
1033,pipe,159.9999979427716
1034,pipe,159.9999997188138
1035,pipe,159.99999998743158
1036,pipe,159.99999998743158
1037,pipe,96.17024294623828
1038,pipe,96.17024294623828
1039,pipe,96.17024294623828
1040,pipe,96.17024294623828
1041,pipe,159.99999969465506
1042,pipe,159.99999969465506
1043,pipe,159.99999969465506
1044,pipe,159.99999969465506
1045,pipe,159.9999997188138
1046,pipe,159.9999997188138
1047,pipe,159.99999969465506
1048,pipe,159.99999969465506
1049,pipe,159.99999998743158
1050,pipe,159.9999997188138
1051,pipe,159.9999997188138
1052,pipe,96.17024294623828
1053,pipe,159.9999997188138
1054,pipe,159.9999997188138
1055,pipe,96.17024294623828
1056,pipe,159.9999997188138
1057,pipe,159.99999969465506
1058,pipe,159.99999969465506
1059,pipe,159.99999969465506
1060,pipe,159.9999997188138
1061,pipe,159.9999997188138
1062,pipe,159.9999997188138
1063,pipe,159.9999997188138
1064,pipe,159.99999969465506
1065,pipe,159.9999997188138
1066,pipe,159.9999997188138
1067,pipe,159.9999997188138
1068,pipe,159.9999997188138
1069,pipe,159.9999997188138
1070,pipe,159.9999997188138
1071,pipe,159.9999997188138
1072,pipe,96.17024294623828
1073,pipe,159.99999969465506
1074,pipe,159.99999969465506
1075,pipe,159.99999969465506
1076,pipe,159.99999969465506
1077,pipe,159.9999997188138
1078,pipe,96.17024294623828
1079,pipe,96.17024294623828
1080,pipe,96.17024294623828
1081,pipe,88.41819999999998
1082,pipe,96.17024294623828
1083,pipe,96.17024294623828
1084,pipe,96.17024294623828
1085,pipe,96.17024294623828
1086,pipe,96.17024294623828
1087,pipe,96.17024294623828
1088,pipe,96.17024294623828
1089,pipe,96.17024294623828
1090,pipe,159.99999969465506
1091,pipe,96.17024294623828
1092,pipe,96.17024294623828
1093,pipe,159.99999969465506
1094,pipe,159.99999969465506
1095,pipe,159.99999998743158
1096,pipe,159.9999979427716
1097,pipe,159.9999979427716
1098,pipe,159.9999979427716
1099,pipe,159.99999998743158
1100,pipe,159.99999998743158
1101,pipe,159.99999998743158
1102,pipe,159.99999998743158
1103,pipe,159.99999998743158
1104,pipe,159.99999998743158
1105,pipe,159.99999998743158
1106,pipe,159.99999998743158
1107,pipe,159.99999998743158
1108,pipe,159.99999148658347
1109,pipe,159.99999998743158
1110,pipe,159.99999998743158
1111,pipe,159.99999998743158
1112,pipe,159.99999998743158
1113,pipe,159.99999998743158
1114,pipe,159.9999979427716
1115,pipe,159.9999979427716
1116,pipe,159.99999998743158
1117,pipe,159.9999997188138
1118,pipe,159.9999997188138
1119,pipe,159.99999998743158
1120,pipe,159.99999998743158
1121,pipe,159.99999148658347
1122,pipe,159.99999148658347
1123,pipe,159.99999148658347
1124,pipe,159.99999998743158
1125,pipe,159.99999998743158
1126,pipe,159.99999998743158
1127,pipe,159.99999998743158
1128,pipe,159.99999998743158
1129,pipe,159.9999997188138
1130,pipe,159.9999997188138
1131,pipe,159.9999997188138
1132,pipe,159.9999997188138
1133,pipe,159.99999998743158
1134,pipe,159.99999998743158
1135,pipe,159.99999998743158
1136,pipe,159.99999998743158
1137,pipe,159.99999998743158
1138,pipe,159.99999998743158
1139,pipe,159.99999998743158
1140,pipe,159.99999997287114
1141,pipe,159.99999997287114
1142,pipe,159.99999970609008
1143,pipe,159.99999997287114
1144,pipe,159.99999997287114
1145,pipe,159.99999970609008
1146,pipe,159.99999970609008
1147,pipe,159.99999997287114
1148,pipe,159.99999970609008
1149,pipe,159.99999970609008
1150,pipe,159.99999970609008
1151,pipe,159.99999970609008
1152,pipe,159.99999970609008
1153,pipe,159.99999970609008
1154,pipe,159.99999970609008
1155,pipe,159.99999970609008
1156,pipe,159.99999970609008
1157,pipe,159.99999970609008
1158,pipe,159.99999997287114
1159,pipe,159.99999970609008
1160,pipe,159.99999970609008
1161,pipe,159.99999974586189
1162,pipe,159.99999997287114
1163,pipe,159.99999997287114
1164,pipe,159.99999997287114
1165,pipe,159.99999997287114
1166,pipe,159.99999997287114
1167,pipe,159.99999997287114
1168,pipe,159.99999997287114
1169,pipe,159.99999997287114
1170,pipe,159.99999997287114
1171,pipe,159.99999997287114
1172,pipe,159.99999997287114
1173,pipe,159.99999997287114
1174,pipe,159.99999997287114
1175,pipe,159.99999997287114
1176,pipe,159.9999997188138
1177,pipe,159.99999997287114
1178,pipe,159.99999970609008
1179,pipe,159.99999997287114
1180,pipe,159.99999970609008
1181,pipe,159.99999970609008
1182,pipe,159.99999970609008
1183,pipe,159.99999997287114
1184,pipe,159.99999970609008
1185,pipe,159.99999970609008
1186,pipe,159.99999997287114
1187,pipe,159.99999997287114
1188,pipe,159.99999997287114
1189,pipe,159.99999970361924
1190,pipe,159.99999970361924
1191,pipe,159.99999997287114
1192,pipe,159.99999997287114
1193,pipe,159.99999970361924
1194,pipe,159.99999997287114
1195,pipe,159.99999997287114
1196,pipe,159.99999970609008
1197,pipe,159.99999970609008
1198,pipe,159.99999970609008
1199,pipe,159.99999970609008
1200,pipe,159.99999970609008
1201,pipe,159.99999970609008
1202,pipe,159.99999970609008
1203,pipe,159.99999970609008
1204,pipe,159.99999970609008
1205,pipe,159.99999970609008
1206,pipe,159.99999990555898
1207,pipe,159.99999970609008
1208,pipe,159.99999970609008
1209,pipe,159.99999970609008
1210,pipe,159.99999970609008
1211,pipe,159.99999970609008
1212,pipe,159.99999970609008
1213,pipe,159.99999970609008
1214,pipe,159.99999970609008
1215,pipe,45.00000003535902
1216,pipe,45.00000003535902
1217,pipe,159.99999970609008
1218,pipe,159.99999970609008
1219,pipe,159.99999970609008
1220,pipe,159.99999970609008
1221,pipe,159.99999970609008
1222,pipe,159.99999970609008
1223,pipe,159.99999970609008
1224,pipe,159.99999970609008
1225,pipe,159.99999970609008
1226,pipe,159.99999974586189
1227,pipe,45.00000003535902
1228,pipe,159.99999974586189
1229,pipe,159.99999974586189
1230,pipe,159.99999974586189
1231,pipe,45.00000003535902
1232,pipe,45.00000003535902
1233,pipe,159.99999974586189
1234,pipe,159.99999974586189
1235,pipe,159.99999970609008
1236,pipe,159.99999970609008
1237,pipe,159.99999970609008
1238,pipe,159.99999970609008
1239,pipe,159.99999970609008
1240,pipe,159.99999970609008
1241,pipe,159.99999970609008
1242,pipe,159.99999970609008
1243,pipe,45.00000003535902
1244,pipe,159.99999970609008
1245,pipe,159.99999970609008
1246,pipe,159.99999970609008
1247,pipe,159.99999970609008
1248,pipe,159.99999970609008
1249,pipe,159.99999970609008
1250,pipe,159.99999970609008
1251,pipe,159.99999970609008
1252,pipe,159.99999970609008
1253,pipe,159.99999970609008
1254,pipe,159.99999970609008
1255,pipe,159.99999970609008
1256,pipe,159.99999970609008
1257,pipe,159.99999970609008
1258,pipe,159.99999970609008
1259,pipe,159.99999970609008
1260,pipe,159.99999970609008
1261,pipe,159.99999970609008
1262,pipe,159.99999970609008
1263,pipe,159.99999970609008
1264,pipe,159.99999970609008
1265,pipe,159.99999970609008
1266,pipe,159.99999970609008
1267,pipe,159.99999970609008
1268,pipe,159.99999970609008
1269,pipe,159.99999970609008
1270,pipe,159.99999970609008
1271,pipe,159.99999970609008
1272,pipe,159.99999970609008
1273,pipe,159.99999970609008
1274,pipe,159.99999970609008
1275,pipe,159.99999970609008
1276,pipe,159.99999970609008
1277,pipe,159.99999970609008
1278,pipe,159.99999970609008
1279,pipe,159.99999970609008
1280,pipe,159.99999970609008
1281,pipe,159.99999970609008
1282,pipe,159.99999970609008
1283,pipe,159.99999970609008
1284,pipe,159.99999970609008
1285,pipe,159.99999970609008
1286,pipe,159.99999970609008
1287,pipe,159.99999970609008
1288,pipe,45.00000003535902
1289,pipe,159.99999970609008
1290,pipe,159.99999970609008
1291,pipe,159.99999970609008
1292,pipe,159.99999970609008
1293,pipe,159.99999970609008
1294,pipe,159.99999970609008
1295,pipe,159.99999986457914
1296,pipe,159.99999998743158
1297,pipe,159.99999998743158
1298,pipe,159.99999990555898
1299,pipe,159.9999997188138
1300,pipe,159.9999997188138
1301,pipe,159.9999997188138
1302,pipe,159.9999997188138
1303,pipe,159.9999997188138
1304,pipe,123.55650297849681
1305,pipe,159.9999997188138
1306,pipe,159.99999969465506
1307,pipe,159.99999998743158
1308,pipe,159.9999997188138
1309,pipe,123.55650297849681
1310,pipe,159.9999997188138
1311,pipe,159.9999997188138
1312,pipe,159.99999974586189
1313,pipe,159.9999979427716
1314,pipe,123.55650297849681
1315,pipe,159.9999997188138
1316,pipe,159.99999986457914
1317,pipe,159.99999986457914
1318,pipe,159.9999997188138
1319,pipe,159.99999998743158
1320,pipe,159.9999997188138
1321,pipe,159.9999997188138
1322,pipe,159.9999979427716
1323,pipe,159.9999979427716
1324,pipe,159.9999979427716
1325,pipe,159.99999997287114
1326,pipe,159.9999997188138
1327,pipe,159.99999997287114
1328,pipe,159.99999974586189
1329,pipe,159.99999997287114
1330,pipe,96.17024294623828
1331,pipe,159.9999997188138
1332,pipe,159.99999974586189
1333,pipe,159.9999997188138
1334,pipe,159.9999997188138
1335,pipe,159.99999997287114
1336,pipe,123.55650297849681
1337,pipe,159.9999997188138
1338,pipe,96.17024294623828
1339,pipe,159.9999997188138
1340,pipe,159.9999997188138
1341,pipe,159.9999997188138
1342,pipe,159.99999997287114
1343,pipe,159.9999979427716
1344,pipe,159.9999997188138
1345,pipe,159.9999997188138
1346,pipe,159.9999997188138
1347,pipe,159.9999997188138
1348,pipe,159.9999997188138
1349,pipe,159.9999997188138
1350,pipe,159.9999997188138
1351,pipe,159.9999997188138
1352,pipe,159.9999997188138
1353,pipe,159.99999970609008
1354,pipe,159.99999970609008
1355,pipe,159.99999997287114
1356,pipe,159.99999970609008
1357,pipe,159.99999970609008
1358,pipe,159.99999997287114
1359,pipe,159.99999990555898
1360,pipe,159.99999997287114
1361,pipe,159.99999990555898
1362,pipe,159.99999970361924
1363,pipe,159.99999970361924
1364,pipe,159.99999970609008
1365,pipe,159.99999970609008
1366,pipe,159.99999990555898
1367,pipe,159.99999990555898
1368,pipe,96.17024294623828
1369,pipe,159.99999986457914
1370,pipe,159.99999998743158
1371,pipe,159.9999979427716
1372,pipe,159.99999148658347
1373,pipe,159.99999998743158
1374,pipe,159.99999986457914
1375,pipe,159.9999997188138
1376,pipe,159.9999997188138
1377,pipe,159.9999997188138
1378,pipe,159.9999997188138
1379,pipe,159.9999997188138
1380,pipe,159.9999997188138
1381,pipe,159.9999997188138
1382,pipe,159.99999701525707
1383,pipe,159.99999990555898
1384,pipe,159.99999970361924
1385,pipe,123.55650297849681
1386,pipe,159.99999701525707
1387,pipe,159.99999970361924
1388,pipe,159.99999970361924
1389,pipe,123.55650297849681
1390,pipe,159.99999970361924
1391,pipe,159.99999970361924
1392,pipe,159.9999997188138
1393,pipe,159.99999997287114
1394,pipe,159.9999997188138
1395,pipe,159.9999997188138
1396,pipe,159.99999997287114
1397,pipe,159.99999997287114
1398,pipe,159.9999997188138
1399,pipe,159.9999997188138
1400,pipe,159.9999997188138
1401,pipe,159.9999997188138
1402,pipe,159.9999997188138
1403,pipe,159.9999997188138
1404,pipe,159.9999997188138
1405,pipe,159.9999997188138
1406,pipe,159.9999997188138
1407,pipe,159.9999997188138
1408,pipe,159.9999997188138
1409,pipe,159.9999997188138
1410,pipe,159.9999997188138
1411,pipe,159.9999997188138
1412,pipe,45.000000190484876
1413,pipe,45.000000190484876
1414,pipe,45.000000190484876
1415,pipe,159.99999990555898
1416,pipe,159.9999997188138
1417,pipe,159.9999997188138
1418,pipe,159.99999990555898
1419,pipe,159.9999997188138
1420,pipe,123.55650297849681
1421,pipe,123.55650297849681
1422,pipe,159.9999997188138
1423,pipe,159.9999997188138
1424,pipe,159.9999997188138
1425,pipe,159.99999969465506
1426,pipe,159.99999969465506
1427,pipe,159.99999969465506
1428,pipe,159.99999969465506
1429,pipe,159.99999969465506
1430,pipe,159.99999969465506
1431,pipe,45.00000186738001
1432,pipe,159.99999969465506
1433,pipe,159.99999969465506
1434,pipe,159.99999969465506
1435,pipe,159.99999998743158
1436,pipe,159.99999998743158
1437,pipe,159.9999997188138
1438,pipe,96.17024294623828
1439,pipe,96.17024294623828
1440,pipe,96.17024294623828
1441,pipe,159.99999997287114
1442,pipe,45.00000003535902
1443,pipe,88.41819999999998
1444,pipe,159.99999970361924
1445,pipe,159.9999997188138
1446,pipe,96.17024294623828
1447,pipe,159.9999997188138
1448,pipe,159.9999997188138
1449,pipe,123.55650297849681
1450,pipe,123.55650297849681
1451,pipe,123.55650297849681
1452,pipe,123.55650297849681
1453,pipe,123.55650297849681
1454,pipe,159.99999997287114
1455,pipe,159.99999997287114
1456,pipe,159.9999997188138
1457,pipe,159.9999997188138
1458,pipe,123.55650297849681
1459,pipe,123.55650297849681
1460,pipe,45.000000190484876
1461,pipe,159.9999997188138
1462,pipe,159.9999997188138
1463,pipe,123.55650297849681
1464,pipe,159.99999997287114
1465,pipe,159.99999997287114
1466,pipe,159.9999997188138
1467,pipe,159.9999979427716
1468,pipe,159.99999998743158
1469,pipe,159.99999998743158
1470,pipe,159.99999998743158
1471,pipe,159.99999998743158
1472,pipe,159.9999979427716
1473,pipe,159.99999998743158
1474,pipe,159.9999979427716
1475,pipe,159.99999998743158
1476,pipe,159.99999998743158
1477,pipe,159.99999998743158
1478,pipe,159.99999998743158
1479,pipe,159.99999998743158
1480,pipe,159.99999986457914
1481,pipe,159.9999979427716
1482,pipe,159.99999986457914
1483,pipe,159.99999974586189
1484,pipe,159.99999974586189
1485,pipe,159.99999974586189
1486,pipe,159.99999974586189
1487,pipe,159.99999974586189
1488,pipe,159.9999997188138
1489,pipe,96.17024294623828
1490,pipe,159.99999997287114
1491,pipe,159.99999974586189
1492,pipe,159.99999974586189
1493,pipe,159.99999974586189
1494,pipe,159.99999974586189
1495,pipe,159.99999974586189
1496,pipe,159.99999974586189
1497,pipe,88.41819999999998
1498,pipe,159.99999974586189
1499,pipe,159.99999974586189
1500,pipe,159.9999997188138
1501,pipe,159.9999997188138
1502,pipe,159.9999997188138
1503,pipe,159.9999997188138
1504,pipe,159.9999997188138
1505,pipe,159.9999997188138
1506,pipe,159.9999997188138
1507,pipe,159.99999997287114
1508,pipe,159.99999997287114
1509,pipe,159.9999997188138
1510,pipe,45.000000190484876
1511,pipe,123.55650297849681
1512,pipe,159.99999986457914
1513,pipe,159.99999998743158
1514,pipe,159.9999979427716
1515,pipe,159.99999148658347
1516,pipe,159.9999979427716
1517,pipe,159.9999979427716
1518,pipe,159.99999998743158
1519,pipe,159.99999998743158
1520,pipe,159.99999998743158
1521,pipe,159.99999997287114
1522,pipe,159.9999979427716
1523,pipe,159.9999997188138
1524,pipe,159.9999979427716
1525,pipe,159.9999979427716
1526,pipe,159.9999979427716
1527,pipe,159.9999979427716
1528,pipe,159.9999979427716
1529,pipe,159.9999997188138
1530,pipe,159.99999148658347
1531,pipe,159.9999979427716
1532,pipe,159.99999998743158
1533,pipe,159.99999998743158
1534,pipe,159.99999986457914
1535,pipe,159.99999998743158
1536,pipe,159.99999997287114
1537,pipe,159.99999974586189
1538,pipe,159.99999970361924
1539,pipe,45.000000190484876
1540,pipe,45.000000190484876
1541,pipe,45.000000190484876
1542,pipe,159.99999998743158
1543,pipe,159.99999998743158
1544,pipe,159.9999979427716
1545,pipe,159.9999979427716
1546,pipe,159.99999969465506
1547,pipe,159.9999979427716
1548,pipe,123.55650297849681
1549,pipe,159.9999997188138
1550,pipe,159.9999979427716
1551,pipe,159.9999979427716
1552,pipe,159.99999998743158
1553,pipe,123.55650297849681
1554,pipe,159.9999979427716
1555,pipe,159.99999986457914
1556,pipe,159.9999997188138
1557,pipe,159.99999997287114
1558,pipe,159.99999997287114
1559,pipe,159.99999997287114
1560,pipe,159.99999997287114
1561,pipe,159.99999998743158
1562,pipe,159.99999998743158
1563,pipe,159.99999970361924
1564,pipe,159.99999970361924
1565,pipe,159.9999979427716
1566,pipe,159.9999997188138
1567,pipe,159.9999979427716
1568,pipe,159.9999997188138
1569,pipe,159.9999997188138
1570,pipe,159.9999997188138
1571,pipe,159.99999998743158
1572,pipe,159.9999997188138
1573,pipe,159.9999997188138
1574,pipe,159.99999974586189
1575,pipe,96.17024294623828
1576,pipe,159.99999997287114
1577,pipe,159.99999997287114
1578,pipe,159.99999997287114
1579,pipe,159.99999997287114
1580,pipe,159.99999997287114
1581,pipe,159.99999997287114
1582,pipe,159.99999997287114
1583,pipe,159.99999997287114
1584,pipe,159.99999997287114
1585,pipe,159.99999997287114
1586,pipe,159.99999997287114
1587,pipe,159.99999997287114
1588,pipe,159.99999997287114
1589,pipe,159.99999997287114
1590,pipe,159.99999997287114
1591,pipe,159.99999997287114
1592,pipe,159.99999997287114
1593,pipe,159.99999997287114
1594,pipe,123.55650297849681
1595,pipe,159.9999997188138
1596,pipe,159.9999997188138
1597,pipe,159.99999997287114
1598,pipe,159.99999997287114
1599,pipe,159.99999997287114
1600,pipe,159.99999997287114
1601,pipe,159.99999997287114
1602,pipe,159.99999998743158
1603,pipe,159.99999997287114
1604,pipe,159.99999997287114
1605,pipe,159.99999997287114
1606,pipe,159.99999997287114
1607,pipe,159.99999997287114
1608,pipe,159.99999997287114
1609,pipe,159.99999974586189
1610,pipe,159.99999970361924
1611,pipe,159.99999997287114
1612,pipe,123.55650297849681
1613,pipe,159.99999974586189
1614,pipe,159.9999997188138
1615,pipe,159.9999997188138
1616,pipe,159.9999997188138
1617,pipe,159.9999997188138
1618,pipe,159.99999997287114
1619,pipe,159.99999997287114
1620,pipe,159.99999974586189
1621,pipe,159.9999997188138
1622,pipe,159.99999997287114
1623,pipe,159.99999974586189
1624,pipe,159.99999970609008
1625,pipe,159.99999997287114
1626,pipe,159.9999997188138
1627,pipe,159.9999997188138
1628,pipe,159.9999997188138
1629,pipe,159.9999997188138
1630,pipe,159.9999997188138
1631,pipe,159.9999997188138
1632,pipe,159.9999997188138
1633,pipe,159.99999997287114
1634,pipe,159.99999997287114
1635,pipe,159.9999997188138
1636,pipe,159.9999997188138
1637,pipe,159.99999998743158
1638,pipe,159.99999998743158
1639,pipe,159.9999997188138
1640,pipe,159.99999997287114
1641,pipe,159.9999997188138
1642,pipe,159.99999998743158
1643,pipe,159.99999997287114
1644,pipe,159.99999974586189
1645,pipe,159.99999997287114
1646,pipe,159.99999997287114
1647,pipe,159.99999997287114
1648,pipe,159.99999997287114
1649,pipe,45.000000190484876
1650,pipe,159.99999997287114
1651,pipe,159.9999997188138
1652,pipe,159.9999997188138
1653,pipe,159.9999997188138
1654,pipe,159.99999997287114
1655,pipe,159.9999997188138
1656,pipe,159.9999997188138
1657,pipe,159.9999997188138
1658,pipe,159.9999997188138
1659,pipe,159.99999970609008
1660,pipe,159.9999997188138
1661,pipe,159.99999997287114
1662,pipe,159.99999997287114
1663,pipe,159.99999997287114
1664,pipe,159.99999970609008
1665,pipe,159.99999970609008
1666,pipe,159.99999970609008
1667,pipe,159.99999970609008
1668,pipe,159.99999970609008
1669,pipe,159.99999970609008
1670,pipe,159.99999970609008
1671,pipe,159.99999970609008
1672,pipe,159.99999970609008
1673,pipe,159.99999970609008
1674,pipe,159.99999970609008
1675,pipe,159.99999997287114
1676,pipe,159.99999997287114
1677,pipe,159.99999970609008
1678,pipe,159.99999997287114
1679,pipe,159.99999997287114
1680,pipe,159.99999970609008
1681,pipe,159.99999970609008
1682,pipe,159.99999997287114
1683,pipe,159.99999970609008
1684,pipe,159.99999970609008
1685,pipe,159.99999970609008
1686,pipe,159.99999970609008
1687,pipe,159.99999970609008
1688,pipe,159.9999997188138
1689,pipe,159.99999970609008
1690,pipe,159.99999970609008
1691,pipe,159.99999970609008
1692,pipe,159.99999970609008
1693,pipe,159.99999970609008
1694,pipe,159.99999970361924
1695,pipe,159.99999970361924
1696,pipe,159.9999997188138
1697,pipe,159.99999969465506
1698,pipe,159.99999148658347
1699,pipe,45.000000190484876
1700,pipe,159.9999979427716
1701,pipe,159.9999997188138
1702,pipe,159.99999941503796
1703,pipe,159.99999997287114
1704,pipe,159.99999970609008
1705,pipe,159.9999979427716
1706,pipe,159.99999969465506
1707,pipe,159.99999998743158
1708,pipe,159.99999998743158
1709,pipe,159.9999979427716
1710,pipe,159.9999979427716
1711,pipe,159.99999998743158
1712,pipe,159.99999986457914
1713,pipe,159.99999998743158
1714,pipe,159.99999998743158
1715,pipe,159.9999979427716
1716,pipe,159.99999998743158
1717,pipe,159.99999986457914
1718,pipe,159.9999997188138
1719,pipe,159.9999979427716
1720,pipe,159.99999986457914
1721,pipe,159.9999979427716
1722,pipe,159.9999979427716
1723,pipe,159.99999986457914
1724,pipe,159.99999986457914
1725,pipe,159.99999998743158
1726,pipe,159.99999998743158
1727,pipe,159.99999998743158
1728,pipe,159.99999998743158
1729,pipe,159.99999998743158
1730,pipe,159.99999998743158
1731,pipe,159.99999998743158
1732,pipe,159.99999998743158
1733,pipe,159.99999998743158
1734,pipe,159.9999979427716
1735,pipe,159.9999979427716
1736,pipe,159.9999979427716
1737,pipe,159.9999997188138
1738,pipe,159.9999997188138
1739,pipe,159.9999997188138
1740,pipe,159.99999969465506
1741,pipe,159.99999969465506
1742,pipe,159.99999969465506
1743,pipe,159.99999969465506
1744,pipe,159.9999979427716
1745,pipe,159.9999979427716
1746,pipe,159.9999979427716
1747,pipe,159.9999979427716
1748,pipe,159.9999979427716
1749,pipe,159.9999979427716
1750,pipe,159.99999990555898
1751,pipe,159.99999990555898
1752,pipe,159.9999997188138
1753,pipe,159.9999997188138
1754,pipe,159.99999990555898
1755,pipe,159.9999997188138
1756,pipe,159.9999997188138
1757,pipe,159.9999997188138
1758,pipe,159.9999997188138
1759,pipe,159.99999990555898
1760,pipe,159.99999701525707
1761,pipe,159.99999970361924
1762,pipe,159.99999701525707
1763,pipe,123.55650297849681
1764,pipe,123.55650297849681
1765,pipe,123.55650297849681
1766,pipe,123.55650297849681
1767,pipe,123.55650297849681
1768,pipe,123.55650297849681
1769,pipe,159.9999997188138
1770,pipe,123.55650297849681
1771,pipe,159.99999970361924
1772,pipe,123.55650297849681
1773,pipe,159.99999970361924
1774,pipe,45.00000003535902
1775,pipe,159.99999970361924
1776,pipe,45.00000003535902
1777,pipe,159.99999997287114
1778,pipe,159.9999997188138
1779,pipe,159.99999997287114
1780,pipe,159.9999997188138
1781,pipe,159.9999997188138
1782,pipe,159.9999997188138
1783,pipe,159.9999997188138
1784,pipe,159.9999997188138
1785,pipe,159.9999997188138
1786,pipe,45.000000190484876
1787,pipe,45.000000190484876
1788,pipe,45.000000190484876
1789,pipe,45.000000190484876
1790,pipe,45.000000190484876
1791,pipe,45.000000190484876
1792,pipe,45.000000190484876
1793,pipe,45.000000190484876
1794,pipe,45.000000190484876
1795,pipe,159.99999990555898
1796,pipe,159.99999990555898
1797,pipe,123.55650297849681
1798,pipe,159.9999997188138
1799,pipe,159.99999990555898
1800,pipe,123.55650297849681
1801,pipe,159.9999997188138
1802,pipe,159.9999997188138
1803,pipe,159.99999969465506
1804,pipe,159.99999969465506
1805,pipe,159.99999969465506
1806,pipe,159.99999969465506
1807,pipe,159.99999969465506
1808,pipe,159.99999986457914
1809,pipe,159.99999969465506
1810,pipe,159.99999969465506
1811,pipe,159.99999969465506
1812,pipe,159.99999969465506
1813,pipe,45.00000186738001
1814,pipe,159.99999969465506
1815,pipe,96.17024294623828
1816,pipe,45.00000186738001
1817,pipe,159.99999986457914
1818,pipe,159.99999969465506
1819,pipe,159.99999969465506
1820,pipe,159.99999969465506
1821,pipe,159.99999969465506
1822,pipe,159.99999969465506
1823,pipe,159.99999969465506
1824,pipe,159.99999998743158
1825,pipe,159.99999969465506
1826,pipe,159.99999969465506
1827,pipe,159.99999998743158
1828,pipe,159.99999998743158
1829,pipe,159.99999998743158
1830,pipe,159.99999998743158
1831,pipe,96.17024294623828
1832,pipe,159.9999979427716
1833,pipe,96.17024294623828
1834,pipe,96.17024294623828
1835,pipe,96.17024294623828
1836,pipe,96.17024294623828
1837,pipe,96.17024294623828
1838,pipe,96.17024294623828
1839,pipe,96.17024294623828
1840,pipe,96.17024294623828
1841,pipe,96.17024294623828
1842,pipe,96.17024294623828
1843,pipe,96.17024294623828
1844,pipe,96.17024294623828
1845,pipe,96.17024294623828
1846,pipe,159.99999974586189
1847,pipe,159.99999974586189
1848,pipe,96.17024294623828
1849,pipe,96.17024294623828
1850,pipe,159.99999970361924
1851,pipe,159.9999997188138
1852,pipe,159.9999997188138
1853,pipe,159.9999997188138
1854,pipe,45.000000190484876
1855,pipe,45.000000190484876
1856,pipe,45.000000190484876
1857,pipe,45.000000190484876
1858,pipe,123.55650297849681
1859,pipe,123.55650297849681
1860,pipe,123.55650297849681
1861,pipe,123.55650297849681
1862,pipe,123.55650297849681
1863,pipe,123.55650297849681
1864,pipe,159.99999997287114
1865,pipe,159.9999997188138
1866,pipe,159.9999997188138
1867,pipe,159.9999997188138
1868,pipe,159.99999997287114
1869,pipe,159.99999997287114
1870,pipe,159.99999997287114
1871,pipe,123.55650297849681
1872,pipe,123.55650297849681
1873,pipe,123.55650297849681
1874,pipe,159.9999997188138
1875,pipe,159.99999997287114
1876,pipe,159.9999997188138
1877,pipe,45.000000190484876
1878,pipe,159.9999997188138
1879,pipe,159.9999997188138
1880,pipe,159.9999997188138
1881,pipe,159.9999997188138
1882,pipe,159.9999997188138
1883,pipe,159.99999998743158
1884,pipe,159.99999998743158
1885,pipe,159.99999998743158
1886,pipe,159.99999998743158
1887,pipe,159.99999998743158
1888,pipe,159.99999969465506
1889,pipe,159.9999979427716
1890,pipe,159.9999979427716
1891,pipe,159.9999979427716
1892,pipe,159.9999979427716
1893,pipe,159.99999998743158
1894,pipe,159.9999979427716
1895,pipe,159.9999979427716
1896,pipe,159.99999998743158
1897,pipe,159.99999998743158
1898,pipe,159.99999998743158
1899,pipe,159.99999998743158
1900,pipe,159.99999998743158
1901,pipe,159.9999979427716
1902,pipe,159.9999979427716
1903,pipe,159.9999979427716
1904,pipe,159.99999998743158
1905,pipe,123.55650297849681
1906,pipe,123.55650297849681
1907,pipe,159.99999974586189
1908,pipe,159.99999974586189
1909,pipe,159.99999974586189
1910,pipe,159.99999974586189
1911,pipe,159.99999974586189
1912,pipe,159.99999974586189
1913,pipe,159.99999974586189
1914,pipe,159.99999997287114
1915,pipe,159.99999974586189
1916,pipe,159.99999997287114
1917,pipe,159.99999997287114
1918,pipe,159.99999998743158
1919,pipe,96.17024294623828
1920,pipe,96.17024294623828
1921,pipe,96.17024294623828
1922,pipe,96.17024294623828
1923,pipe,96.17024294623828
1924,pipe,96.17024294623828
1925,pipe,159.99999974586189
1926,pipe,159.99999997287114
1927,pipe,159.99999974586189
1928,pipe,159.99999974586189
1929,pipe,123.55650297849681
1930,pipe,159.99999974586189
1931,pipe,159.99999997287114
1932,pipe,159.99999997287114
1933,pipe,159.99999974586189
1934,pipe,159.99999997287114
1935,pipe,159.99999974586189
1936,pipe,159.99994673276134
1937,pipe,159.99999974586189
1938,pipe,123.55650297849681
1939,pipe,159.99999974586189
1940,pipe,159.99999974586189
1941,pipe,159.99999974586189
1942,pipe,159.99999974586189
1943,pipe,159.99999974586189
1944,pipe,159.99994673276134
1945,pipe,159.99999974586189
1946,pipe,159.99999974586189
1947,pipe,159.99999974586189
1948,pipe,123.55650297849681
1949,pipe,159.99999974586189
1950,pipe,159.99999974586189
1951,pipe,159.9999997188138
1952,pipe,45.000000190484876
1953,pipe,159.9999997188138
1954,pipe,159.99999997287114
1955,pipe,159.99999997287114
1956,pipe,159.9999997188138
1957,pipe,45.000000190484876
1958,pipe,159.9999997188138
1959,pipe,45.000000190484876
1960,pipe,159.99999998743158
1961,pipe,159.99999998743158
1962,pipe,159.99999998743158
1963,pipe,159.99999998743158
1964,pipe,159.99999998743158
1965,pipe,159.99999998743158
1966,pipe,159.9999979427716
1967,pipe,159.9999979427716
1968,pipe,159.9999979427716
1969,pipe,159.9999979427716
1970,pipe,159.9999979427716
1971,pipe,159.9999979427716
1972,pipe,159.9999979427716
1973,pipe,159.99999148658347
1974,pipe,159.9999979427716
1975,pipe,159.99999148658347
1976,pipe,159.99999148658347
1977,pipe,159.99999986457914
1978,pipe,159.9999979427716
1979,pipe,159.9999979427716
1980,pipe,159.9999979427716
1981,pipe,159.99999986457914
1982,pipe,159.99999997287114
1983,pipe,159.99999974586189
1984,pipe,159.99999974586189
1985,pipe,159.99999974586189
1986,pipe,159.99999974586189
1987,pipe,159.99999974586189
1988,pipe,159.99999974586189
1989,pipe,159.9999979427716
1990,pipe,159.9999979427716
1991,pipe,159.9999979427716
1992,pipe,159.9999979427716
1993,pipe,159.9999979427716
1994,pipe,159.9999979427716
1995,pipe,159.9999979427716
1996,pipe,159.9999979427716
1997,pipe,159.9999979427716
1998,pipe,159.9999979427716
1999,pipe,159.9999979427716
2000,pipe,159.9999979427716
2001,pipe,159.9999979427716
2002,pipe,159.9999979427716
2003,pipe,159.9999979427716
2004,pipe,159.99999998743158
2005,pipe,88.41819999999998
2006,pipe,159.9999979427716
2007,pipe,159.99999986457914
2008,pipe,159.9999979427716
2009,pipe,159.99999998743158
2010,pipe,159.99999998743158
2011,pipe,159.99999998743158
2012,pipe,159.99999998743158
2013,pipe,159.99999998743158
2014,pipe,159.99999986457914
2015,pipe,159.99999998743158
2016,pipe,159.9999997188138
2017,pipe,159.99999998743158
2018,pipe,159.99999998743158
2019,pipe,159.99999998743158
2020,pipe,159.99999998743158
2021,pipe,159.99999986457914
2022,pipe,159.99999998743158
2023,pipe,159.99999998743158
2024,pipe,159.99999998743158
2025,pipe,159.9999979427716
2026,pipe,159.9999979427716
2027,pipe,159.9999979427716
2028,pipe,159.99999998743158
2029,pipe,159.9999979427716
2030,pipe,159.99999998743158
2031,pipe,96.17024294623828
2032,pipe,159.9999997188138
2033,pipe,159.9999997188138
2034,pipe,159.99999997287114
2035,pipe,159.99999997287114
2036,pipe,159.99999997287114
2037,pipe,159.99999997287114
2038,pipe,159.99999997287114
2039,pipe,159.9999979427716
2040,pipe,159.99999990555898
2041,pipe,159.99999986457914
2042,pipe,159.99999997287114
2043,pipe,159.9999997188138
2044,pipe,96.17024294623828
2045,pipe,123.55650297849681
2046,pipe,159.99999997287114
2047,pipe,159.99999997287114
2048,pipe,159.99999997287114
2049,pipe,159.9999997188138
2050,pipe,159.99999997287114
2051,pipe,159.99999997287114
2052,pipe,159.99999997287114
2053,pipe,159.99999997287114
2054,pipe,159.99999997287114
2055,pipe,159.99999997287114
2056,pipe,159.99999997287114
2057,pipe,159.99999997287114
2058,pipe,159.99999997287114
2059,pipe,159.99999997287114
2060,pipe,159.99999997287114
2061,pipe,159.99999997287114
2062,pipe,159.99999997287114
2063,pipe,159.99999997287114
2064,pipe,159.99999997287114
2065,pipe,159.99999974586189
2066,pipe,159.99999997287114
2067,pipe,159.99999997287114
2068,pipe,159.99999997287114
2069,pipe,159.99999997287114
2070,pipe,159.99999997287114
2071,pipe,159.99999997287114
2072,pipe,159.99999997287114
2073,pipe,159.99999997287114
2074,pipe,159.99999997287114
2075,pipe,96.17024294623828
2076,pipe,159.99999997287114
2077,pipe,159.99999974586189
2078,pipe,159.9999997188138
2079,pipe,159.99999997287114
2080,pipe,159.9999997188138
2081,pipe,159.99999997287114
2082,pipe,159.99999997287114
2083,pipe,159.9999997188138
2084,pipe,159.99999997287114
2085,pipe,159.99999997287114
2086,pipe,159.99999997287114
2087,pipe,159.99999997287114
2088,pipe,159.99999997287114
2089,pipe,159.99999998743158
2090,pipe,159.99999997287114
2091,pipe,159.9999997188138
2092,pipe,159.99999997287114
2093,pipe,159.99999998743158
2094,pipe,159.9999997188138
2095,pipe,159.9999979427716
2096,pipe,45.000000190484876
2097,pipe,159.99999969465506
2098,pipe,123.55650297849681
2099,pipe,159.99999974586189
2100,pipe,159.99999974586189
2101,pipe,159.99999998743158
2102,pipe,159.99999986457914
2103,pipe,159.99999969465506
2104,pipe,159.9999997188138
2105,pipe,159.9999997188138
2106,pipe,159.9999997188138
2107,pipe,159.9999997188138
2108,pipe,159.9999997188138
2109,pipe,159.9999997188138
2110,pipe,45.000000190484876
2111,pipe,159.9999997188138
2112,pipe,96.17024294623828
2113,pipe,159.99999974586189
2114,pipe,159.9999979427716
2115,pipe,159.9999997188138
2116,pipe,159.9999997188138
2117,pipe,159.9999997188138
2118,pipe,159.9999997188138
2119,pipe,123.55650297849681
2120,pipe,159.99999990555898
2121,pipe,159.9999997188138
2122,pipe,159.9999997188138
2123,pipe,159.9999997188138
2124,pipe,159.9999979427716
2125,pipe,159.9999997188138
2126,pipe,159.99999997287114
2127,pipe,159.9999997188138
2128,pipe,159.9999997188138
2129,pipe,159.9999997188138
2130,pipe,159.99999148658347
2131,pipe,45.00000186738001
2132,pipe,159.9999997188138
2133,pipe,159.9999997188138
2134,pipe,96.17024294623828
2135,pipe,123.55650297849681
2136,pipe,123.55650297849681
2137,pipe,159.99999970361924
2138,pipe,159.99999997287114
2139,pipe,159.99999997287114
2140,pipe,159.99999974586189
2141,pipe,159.9999997188138
2142,pipe,159.99999997287114
2143,pipe,159.99999970609008
2144,pipe,159.99999997287114
2145,pipe,159.99994673276134
2146,pipe,159.99999998743158
2147,pipe,159.99999997287114
2148,pipe,159.99999997287114
2149,pipe,159.99999970609008
2150,pipe,159.99999970609008
2151,pipe,159.99999970609008
2152,pipe,159.99999970609008
2153,pipe,159.99999997287114
2154,pipe,159.99999997287114
2155,pipe,159.99999970609008
2156,pipe,159.99999970609008
2157,pipe,159.99999970609008
2158,pipe,159.99999997287114
2159,pipe,159.99999997287114
2160,pipe,159.99999997287114
2161,pipe,159.99999970609008
2162,pipe,159.99999970361924
2163,pipe,159.99999970609008
2164,pipe,159.99999970609008
2165,pipe,159.99999970609008
2166,pipe,159.99999970609008
2167,pipe,159.99999970609008
2168,pipe,159.99999970609008
2169,pipe,159.99999970609008
2170,pipe,159.99999970609008
2171,pipe,159.99999970609008
2172,pipe,159.99999997287114
2173,pipe,159.99999997287114
2174,pipe,159.9999997188138
2175,pipe,159.99999986457914
2176,pipe,159.99999974586189
2177,pipe,45.00000003535902
2178,pipe,159.99999970609008
2179,pipe,159.99999970609008
2180,pipe,159.99999970609008
2181,pipe,159.99999970609008
2182,pipe,159.99999970609008
2183,pipe,159.99999970609008
2184,pipe,159.99999970609008
2185,pipe,159.99999970609008
2186,pipe,159.99999970609008
2187,pipe,159.99999970609008
2188,pipe,159.99999970609008
2189,pipe,159.99999970609008
2190,pipe,159.99999970609008
2191,pipe,159.99999970609008
2192,pipe,159.99999970609008
2193,pipe,159.99999970609008
2194,pipe,159.99999970609008
2195,pipe,159.99999970609008
2196,pipe,159.99999970609008
2197,pipe,159.99999970609008
2198,pipe,159.99999970609008
2199,pipe,159.99999970609008
2200,pipe,159.99999970609008
2201,pipe,159.99999970609008
2202,pipe,159.99999970609008
2203,pipe,159.9999997188138
2204,pipe,159.9999997188138
2205,pipe,159.99999970609008
2206,pipe,159.99999970609008
2207,pipe,159.99999970609008
2208,pipe,123.55650297849681
2209,pipe,159.99999970609008
2210,pipe,159.99999970609008
2211,pipe,159.99999998743158
2212,pipe,159.9999979427716
2213,pipe,159.9999979427716
2214,pipe,159.9999979427716
2215,pipe,159.9999979427716
2216,pipe,159.9999979427716
2217,pipe,159.99999970609008
2218,pipe,159.99999970609008
2219,pipe,159.99999970609008
2220,pipe,159.99999970609008
2221,pipe,159.99999970609008
2222,pipe,159.99999970609008
2223,pipe,159.99999970609008
2224,pipe,159.99999970609008
2225,pipe,159.99999970609008
2226,pipe,159.99999970609008
2227,pipe,159.99999970609008
2228,pipe,159.99999970609008
2229,pipe,159.99999970609008
2230,pipe,159.99999970609008
2231,pipe,159.99999970609008
2232,pipe,159.99999970609008
2233,pipe,159.99999970609008
2234,pipe,159.99999970609008
2235,pipe,159.99999970609008
2236,pipe,159.99999970609008
2237,pipe,159.99999970609008
2238,pipe,159.99999970609008
2239,pipe,159.99999970609008
2240,pipe,159.99999970609008
2241,pipe,159.99999970609008
2242,pipe,159.99999970609008
2243,pipe,159.99999970609008
2244,pipe,159.99999970609008
2245,pipe,159.99999970609008
2246,pipe,159.99999970609008
2247,pipe,159.99999970609008
2248,pipe,159.99999970609008
2249,pipe,159.99999970609008
2250,pipe,159.99999970609008
2251,pipe,159.99999970609008
2252,pipe,159.99999970609008
2253,pipe,159.99999970609008
2254,pipe,159.99999970609008
2255,pipe,159.99999970609008
2256,pipe,159.99999970609008
2257,pipe,159.99999970609008
2258,pipe,159.99999970609008
2259,pipe,159.99999970609008
2260,pipe,159.99999970609008
2261,pipe,159.99999970609008
2262,pipe,159.99999970609008
2263,pipe,159.99999970609008
2264,pipe,159.99999970609008
2265,pipe,159.99999970609008
2266,pipe,159.99999970609008
2267,pipe,159.99999970609008
2268,pipe,159.99999970609008
2269,pipe,159.99999970609008
2270,pipe,159.99999970609008
2271,pipe,159.99999970609008
2272,pipe,159.9999979427716
2273,pipe,159.9999979427716
2274,pipe,159.99999970609008
2275,pipe,159.99999970609008
2276,pipe,159.99999970609008
2277,pipe,159.99999970609008
2278,pipe,159.99999970609008
2279,pipe,159.99999970609008
2280,pipe,159.99999970609008
2281,pipe,159.99999970609008
2282,pipe,159.99999970609008
2283,pipe,159.99999970609008
2284,pipe,159.99999970609008
2285,pipe,159.99999970609008
2286,pipe,159.99999970609008
2287,pipe,159.99999970609008
2288,pipe,159.99999970609008
2289,pipe,159.99999970609008
2290,pipe,159.99999970609008
2291,pipe,159.99999986343863
2292,pipe,159.99999986343863
2293,pipe,159.99999986343863
2294,pipe,159.99999986343863
2295,pipe,159.99999986343863
2296,pipe,159.99999986343863
2297,pipe,159.99999986343863
2298,pipe,159.99999986343863
2299,pipe,159.99999986343863
2300,pipe,159.99999986343863
2301,pipe,159.99999986343863
2302,pipe,159.99999986343863
2303,pipe,159.99999986343863
2304,pipe,159.99999986343863
2305,pipe,159.99999986343863
2306,pipe,159.99999986343863
2307,pipe,159.99999986343863
2308,pipe,159.99999986343863
2309,pipe,159.99999986343863
2310,pipe,159.99999986343863
2311,pipe,159.99999986343863
2312,pipe,159.99999986343863
2313,pipe,159.99999986343863
2314,valve,0.0001
2315,valve,0.0001
2316,valve,0.00010012602595020044
2317,valve,0.00010013014962099561
2318,valve,0.0001
2319,valve,0.0001
2320,valve,0.0001
2321,valve,0.0001
2322,valve,0.00010013366569303764
2323,valve,0.00010013082106587466
2324,valve,0.00010014561164849766
2325,valve,0.00010013072276672525
2326,valve,0.0001
2327,valve,0.0001
2328,valve,0.00010012736384987393
2329,valve,0.00010012835889741572
2330,valve,0.0001
2331,valve,0.0001001304380330355
2332,valve,0.00010012614897184271
2333,valve,0.00010013022489307684
2334,valve,0.00010012955507806636
2335,valve,0.00010012978125278405
2336,valve,0.00010013041713742498
2337,valve,0.00010013041130947853
2338,valve,0.00010013046459094696
2339,valve,0.00010012968259032323
2340,valve,0.0001
2341,valve,0.00010013024305036375
2342,valve,0.00010012934474451901
2343,valve,0.0001
2344,valve,0.0001
2345,valve,0.0001
2346,valve,0.0001
2347,valve,0.00010013008992574557
2348,valve,0.00010012988155834781
2349,valve,0.00010012753578786118
2350,valve,0.00010013008117823044
2351,valve,0.0001
2352,valve,0.0001
2353,valve,0.0001
2354,valve,0.0001
2355,valve,0.00010007983664303801
2356,valve,61.534490619138154
2357,valve,0.00010330473614278887
2358,valve,0.00010015450330901568
2359,valve,0.0001
2360,valve,0.0001001302061271874
2361,valve,0.00010015392132691283
2362,valve,0.0001
2363,valve,0.00010003604949576162
2364,valve,0.00010015805737387731
2365,valve,0.0001
2366,valve,0.0001
2367,valve,0.0001
2368,valve,0.0001
2369,valve,0.0001
2370,valve,0.0001
2371,valve,0.0001
2372,valve,0.0001
2373,valve,0.0001
2374,valve,0.0001
2375,valve,0.0001
2376,valve,0.00010014480357742077
2377,valve,0.0001
2378,valve,0.0001
2379,valve,0.0001
2380,valve,0.0001
2381,valve,0.00010012911372526344
2382,valve,0.0001
2383,valve,0.0001
2384,valve,0.0001
2385,valve,0.0001
2386,valve,0.00010013404838031519
2387,valve,0.0001
2388,valve,154.31229239276877
2389,valve,0.00010012901837710527
2390,valve,0.00010008801536014882
2391,valve,0.00010002155392605418
2392,valve,0.00010013453947421911
2393,valve,0.00010003559165956135
2394,valve,0.00010024900807026925
2395,valve,0.00010012774422061032
2396,valve,0.0001
2397,valve,0.00010014281273386353
2398,valve,0.00010014155833034317
2399,valve,0.0001
2400,valve,0.00010016329307528336
2401,valve,0.0001001324026667934
2402,valve,0.00010000750244626877
2403,valve,0.00010001552496302765
2404,valve,0.00010013236846377538
2405,valve,0.00010013229896470542
2406,valve,0.00010016375418068322
2407,valve,0.0001
2408,valve,0.00010014427500296638
2409,valve,0.0001
2410,valve,0.00010013073658503482
2411,valve,0.0001
2412,valve,0.00010012873448355044
2413,valve,0.0001001284566504137
2414,valve,0.0001
2415,valve,0.00010013928365767971
2416,valve,0.00010012630170206379
2417,valve,0.00010012783052066607
2418,valve,0.0001
2419,valve,0.0001
2420,valve,0.0001
2421,valve,0.00010012915303350155
2422,valve,0.00010012962780827342
2423,valve,0.0001
2424,valve,0.0001
2425,valve,0.00010013918091708994
2426,valve,0.00010003106602346159
2427,valve,0.0001
2428,valve,0.0001001270430154485
2429,valve,0.00010012049117941434
2430,valve,0.0001
2431,valve,0.0001
2432,valve,0.0001
2433,valve,0.0001
2434,valve,0.0001
2435,valve,0.00010013337393086816
2436,valve,0.0001
2437,valve,0.0001
2438,valve,0.0001
2439,valve,0.0001
2440,valve,0.0001
2441,valve,0.00010001325805992133
2442,valve,0.0001
2443,valve,0.00010002846176509091
2444,valve,0.00010005175840596137
2445,valve,0.00010006860299380086
2446,valve,0.0001035786352086837
2447,valve,0.00010022324691989021
2448,valve,0.00010016321015052615
2449,valve,0.00010016612172839363
2450,valve,0.0001
2451,valve,0.0001
2452,valve,0.0001
2453,valve,0.0001
2454,valve,0.00010013198287866178
2455,valve,0.0001001299796983137
2456,valve,0.00010012614268758782
2457,valve,0.00010012217844631422
2458,valve,0.00010012614141914308
2459,valve,0.0001
2460,valve,0.0001
2461,valve,0.0001001315536911168
2462,valve,0.00010007386618467047
2463,valve,0.0001
2464,valve,0.0001
2465,valve,0.0001
2466,valve,0.00010013016449064793
2467,valve,0.0001
2468,valve,0.0001
2469,valve,0.0001
2470,valve,0.00010011567519442102
2471,valve,0.0001000810806430703
2472,valve,0.00010013895791279577
2473,valve,0.00010012355409227597
2474,valve,0.0001
2475,valve,0.0001
2476,valve,0.0001001217106511605
2477,valve,0.00010012822958507946
2478,valve,0.0001
2479,valve,0.00010013061487744206
2480,valve,0.00010015214895029954
2481,valve,0.0001
2482,valve,0.00010014538763084967
2483,valve,0.00010013237814916486
2484,valve,0.000100025179202428
2485,valve,0.0001
2486,valve,0.0001
2487,valve,0.0001
2488,valve,0.000100236884938023
2489,valve,0.00010009311899152198
2490,valve,0.00010001426408060604
2491,valve,0.0001
2492,valve,0.00010012645972393285
2493,valve,0.00010016406747733635
2494,valve,0.00010016881341952994
2495,valve,0.00010012562450906219
2496,valve,0.00010017493723589136
2497,valve,0.00010013056620657203
2498,valve,0.0001
2499,valve,0.0001
2500,valve,0.0001
2501,valve,0.0001
2502,valve,0.0001001294958771375
2503,valve,0.0001
2504,valve,0.0001
2505,valve,0.0001
2506,valve,0.0001
2507,valve,0.0001
2508,valve,0.0001000868276946071
2509,valve,0.0001
2510,valve,0.00010012801272815867
2511,valve,0.0001
2512,valve,0.0001
2513,valve,0.00010020566235723108
2514,valve,0.00010012128093728477
2515,valve,0.0001
2516,valve,0.00010014608380757912
2517,valve,0.0001
2518,valve,0.00010013402868790558
2519,valve,0.0001
2520,valve,0.0001
2521,valve,0.0001
2522,valve,0.0001
2523,valve,0.00010011227400141081
2524,valve,0.0001
2525,valve,0.0001
2526,valve,0.00010005253832334736
2527,valve,0.0001
2528,valve,0.00010011079292503789
2529,valve,0.0001
2530,valve,0.0001
2531,valve,0.0001
2532,valve,0.0001
2533,valve,0.0001
2534,valve,0.00010013047846907354
2535,valve,0.00010013045243621698
2536,valve,0.00010013045251654526
2537,valve,0.00010013041675263371
2538,valve,0.00010013030972542413
2539,valve,0.0001
2540,valve,0.0001
2541,valve,0.00010013469470999992
2542,valve,0.00010013515099840305
2543,valve,0.0001
2544,valve,0.0001
2545,valve,0.00010012990553046314
2546,valve,0.0001001303097074577
2547,valve,0.00010012614936885654
2548,valve,0.00010012990551239039
2549,valve,0.0001
2550,valve,0.0001
2551,valve,0.00010012999998227223
2552,valve,0.0001001218843552067
2553,valve,0.00010015015601470873
2554,valve,0.00010012647867580044
2555,valve,0.0001
2556,valve,0.0001
2557,valve,0.00010013008960528552
2558,valve,0.0001
2559,valve,0.0001001288293251473
2560,valve,0.00010012607891421428
2561,valve,0.00010001037734351521
2562,valve,0.00010013063478358802
2563,valve,0.00010016007340854188
2564,valve,0.00010012983658698543
2565,valve,0.0001001546302819811
2566,valve,0.00010013247269085084
2567,valve,0.0001
2568,valve,0.0001
2569,valve,0.00010011613443547827
2570,valve,0.00010009106256676991
2571,valve,0.00010012697996248634
2572,valve,0.0001001275522399805
2573,valve,0.00010013524766507092
2574,valve,0.00010014598117713849
2575,valve,0.00010012583893794482
2576,valve,0.00010012615482300261
2577,valve,0.0001
2578,valve,0.00010012763504394053
2579,valve,0.00010012675626163776
2580,valve,0.00010012780001742173
2581,valve,0.0001
2582,valve,0.00010012498325717951
2583,valve,0.00010012349060931912
2584,valve,0.00010007209600899035
2585,valve,0.0001001203543660165
2586,valve,0.00010012014269520511
2587,valve,0.0001
2588,valve,0.0001
2589,valve,0.0001001300552234727
2590,valve,0.00010012720279554752
2591,valve,0.00010013879916196648
2592,valve,0.0001
2593,valve,0.00010023590729696818
2594,valve,0.00010000672502177279
2595,valve,0.0001
2596,valve,0.0001
2597,valve,0.00010013525700374758
2598,valve,0.00010014137835070549
2599,valve,0.00010048350948647419
2600,valve,0.00011263420269767723
2601,valve,0.0001
2602,valve,0.00010003570915815569
2603,valve,0.00010011555130144345
2604,valve,0.00010004734113918717
2605,valve,0.00010003563166915543
2606,valve,0.00010059666779379042
2607,valve,0.00010062862987542492
2608,valve,0.00010013067305484163
2609,valve,0.00010016307876441925
2610,valve,0.0001001371635368108
2611,valve,0.0001
2612,valve,0.00010013958589640679
2613,valve,0.0001
2614,valve,0.0001
2615,valve,0.0001001304428295295
2616,valve,0.00010015399611790575
2617,valve,0.0001
2618,valve,0.00010013073118144875
2619,valve,0.00010015982409250439
2620,valve,0.0001
2621,valve,0.0001
2622,valve,0.00010035451484133483
2623,valve,0.00010013007418049582
2624,valve,0.0001
2625,valve,0.0001
2626,valve,0.00010016297934692916
2627,valve,0.0001
2628,valve,0.0001000503146890727
2629,valve,0.00010015729273633038
2630,valve,11.952732469232902
2631,valve,0.0001
2632,valve,0.0001
2633,valve,0.0001
2634,valve,0.00010013088696219072
2635,valve,0.0001001289978605748
2636,valve,0.0001
2637,valve,0.00010001736046109058
2638,valve,0.0001
2639,valve,0.0001000853017639709
2640,valve,0.00010008622588214855
2641,valve,0.0001
2642,valve,0.0001
2643,valve,0.0001001283807047366
2644,valve,0.00010012874805780242
2645,valve,0.00010011162684580185
2646,valve,0.0001
2647,valve,0.0001
2648,valve,0.0001001287341962786
2649,valve,0.0001
2650,valve,0.00010012964084985191
2651,valve,0.00010012574870080034
2652,valve,0.00010012595529325457
2653,valve,0.00010000431197955496
2654,valve,0.00010000432697665026
2655,valve,0.0001
2656,valve,0.0001
2657,valve,0.0001
2658,valve,114.98450966232494
2659,valve,0.00010012760439117156
2660,valve,0.00010013412387754029
2661,valve,0.0001
2662,valve,0.0001
2663,valve,0.00010009393509682906
2664,valve,0.00010009198774263058
2665,valve,0.0001
2666,valve,0.0001
2667,valve,0.0001
2668,valve,0.0001
2669,valve,0.00010012900122602731
2670,valve,0.00010006437211920337
2671,valve,0.0001
2672,valve,0.00010011753635868082
2673,valve,0.00010024606702692359
2674,valve,0.0001
2675,valve,0.00010012295139091134
2676,valve,0.00010011746295016288
2677,valve,0.00010013223087654344
2678,valve,0.00010013562311545385
2679,valve,0.00010012481753135836
2680,valve,0.0001
2681,valve,0.0001
2682,valve,0.0001001332974667159
2683,valve,0.00010013363466339618
2684,valve,0.00010013104211080115
2685,valve,0.00010014333267902217
2686,valve,0.00010013103654926972
2687,valve,0.0001001312151920465
2688,valve,0.00010013176949642958
2689,valve,0.00010013080419160169
2690,valve,0.00010013051274086109
2691,valve,0.00010013129063077445
2692,valve,0.0001
2693,valve,0.00010013133150021173
2694,valve,0.00010013033481239525
2695,valve,0.00010012905005986756
2696,valve,0.00010013106967996173
2697,valve,0.0001
2698,valve,0.0001
2699,valve,0.0001
2700,valve,0.00010013035279097478
2701,valve,0.00010012899314637921
2702,valve,0.00010013078237228956
2703,valve,0.0001
2704,valve,0.00010013050960162036
2705,valve,0.00010012992559523357
2706,valve,0.00010013103704228463
2707,valve,0.0001
2708,valve,0.00010013358418054737
2709,valve,0.00010013071321713778
2710,valve,0.00010013667467243202
2711,valve,0.00010013057012964935
2712,valve,0.00010012899808139325
2713,valve,0.00010013101671199452
2714,valve,0.0001
2715,valve,0.0001
2716,valve,0.0001
2717,valve,0.00010013444443213603
2718,valve,0.00010013462571297326
2719,valve,0.0001
2720,valve,0.0001001306311550409
2721,valve,0.00010012840135315385
2722,valve,0.00010013046882019194
2723,valve,0.0001
2724,valve,0.0001
2725,valve,0.0001
2726,valve,0.0001
2727,valve,0.0001
2728,valve,0.0001
2729,valve,0.0001
2730,valve,0.0001
2731,valve,0.0001
2732,valve,0.0001
2733,valve,0.0001
2734,valve,0.0001
2735,valve,0.0001
2736,valve,0.0001
2737,valve,0.0001
2738,valve,0.00010016458176305643
2739,valve,0.00010013048086304801
2740,valve,0.0001
2741,valve,0.0001
2742,valve,0.0001
2743,valve,0.0001
2744,valve,0.0001
2745,valve,0.0001
2746,valve,0.00010012061861654689
2747,valve,0.00010011629967702505
2748,valve,0.00010012353093977468
2749,valve,0.0001
2750,valve,0.0001
2751,valve,0.0001
2752,valve,0.00010011214189733104
2753,valve,0.0001
2754,valve,0.00010012579877913048
2755,valve,0.00010012604848686074
2756,valve,0.0001001276662476506
2757,valve,0.00010020847418948435
2758,valve,0.0001
2759,valve,0.00010013034752394162
2760,valve,0.00010012338622851283
2761,valve,0.0001
2762,valve,0.0001
2763,valve,0.00010013082579397417
2764,valve,0.00010013047393332494
2765,valve,0.0001
2766,valve,0.0001
2767,valve,0.0001
2768,valve,0.0001
2769,valve,0.0001
2770,valve,0.0001
2771,valve,0.0001
2772,valve,0.00010022950379640422
2773,valve,0.00010012745289822401
2774,valve,0.0001
2775,valve,0.0001
2776,valve,0.00010029078710526301
2777,valve,0.0001
2778,valve,0.0001
2779,valve,0.0001
2780,valve,0.0001
2781,valve,0.0001
2782,valve,0.00010017074362242802
2783,valve,0.00010016255656743656
2784,valve,0.00010016029565932163
2785,valve,0.00010014837267324309
2786,valve,0.00010012289718191997
2787,valve,0.00010014500517448699
2788,valve,0.0001
2789,valve,0.0001
2790,valve,0.00010011721434617964
2791,valve,0.00010011357091153014
2792,valve,0.0001001370393298908
2793,valve,0.0001
2794,valve,0.00010012913104230993
2795,valve,0.0001
2796,valve,0.00010012749264189333
2797,valve,0.00010013012444812923
2798,valve,0.00010013015870415669
2799,valve,0.0001
2800,valve,0.0001001883061692207
2801,valve,0.00010019003547532418
2802,valve,89.89187902520037
2803,valve,0.0001
2804,valve,16.678924771952502
2805,valve,0.0001
2806,valve,0.0001
2807,valve,0.0001
2808,valve,0.0001
2809,valve,0.00010000235735320967
2810,valve,0.00010013216387041447
2811,valve,0.00010013329787703333
2812,valve,0.00010013100739595691
2813,valve,0.00010012650559559249
2814,valve,0.00010012214084104523
2815,valve,0.00010010602533810879
2816,valve,0.00010012874844162618
2817,valve,0.00010000309466065923
2818,valve,0.00010040074083952876
2819,valve,7.0157102524023545
2820,valve,0.00010013329336943615
2821,valve,110.40593351373641
2822,valve,0.00010009163435505963
2823,valve,22.563551616746533
2824,valve,0.00010001782688444941
2825,valve,0.00010012018954566979
2826,valve,0.0001
2827,valve,0.00010011426312558902
2828,valve,0.00010011003183076621
2829,valve,0.0001
2830,valve,0.0001
2831,valve,16.928220695407827
2832,valve,0.0001
2833,valve,0.0001
2834,valve,0.0001
2835,valve,0.0001001274999154253
2836,valve,0.00010013026480118501
2837,valve,0.0001001284387304706
2838,valve,0.00010013050015774385
2839,valve,0.00010013031079281383
2840,valve,0.0001
2841,valve,0.0001
2842,valve,0.00010013045086007874
2843,valve,0.0001001299056763134
2844,valve,0.0001
2845,valve,0.00010012990065123358
2846,valve,0.00010012498886482846
2847,valve,0.00010013028703814605
2848,valve,0.00010013043000841
2849,valve,0.00010012898867451314
2850,valve,0.00010013058009153633
2851,valve,0.00010013051495790815
2852,valve,0.0001
2853,valve,0.0001
2854,valve,0.0001
2855,valve,0.0001
2856,valve,0.0001001263484655408
2857,valve,0.00010014111926734718
2858,valve,0.00010012592189933824
2859,valve,0.0001001303029394252
2860,valve,0.0001
2861,valve,0.0001
2862,valve,0.0001
2863,valve,0.00010012937213024303
2864,valve,0.00010013032549254365
2865,valve,0.00010012571102954223
2866,valve,0.00010013031490823872
2867,valve,0.00010012942053430226
2868,valve,0.00010013041269348299
2869,valve,0.00010013707211684897
2870,valve,0.00010012261034049787
2871,valve,0.0001
2872,valve,0.0001
2873,valve,0.00010005767259630678
2874,valve,0.00010013030973155596
2875,valve,0.00010013040510405128
2876,valve,0.0001
2877,valve,0.0001
2878,valve,0.0001
2879,valve,0.0001
2880,valve,0.0001
2881,valve,0.00010012077366842702
2882,valve,0.00010013047366351576
2883,valve,0.0001
2884,valve,0.00010012968227691429
2885,valve,0.0001
2886,valve,0.0001
2887,valve,0.0001
2888,valve,0.0001
2889,valve,0.00010012969577758166
2890,valve,0.00010010557853664851
2891,valve,0.00010012784237855932
2892,valve,0.00010012955365053396
2893,valve,0.00010012628452386701
2894,valve,3.4880300740734125
2895,valve,0.0001090857204131137
2896,valve,27.24603677563297
2897,valve,0.0001001303456300808
2898,valve,0.00010012987290421785
2899,valve,0.00010012333346450567
2900,valve,0.00010012333350854666
2901,valve,0.00010012333337572856
2902,valve,0.0001
2903,valve,0.0001
2904,valve,0.00010013074723708673
2905,valve,0.00010013059308767036
2906,valve,0.0001
2907,valve,0.0001
2908,valve,0.0001
2909,valve,0.0001
2910,valve,0.0001
2911,valve,0.0001
2912,valve,0.0001
2913,valve,0.0001
2914,valve,0.0001
2915,valve,0.00010012631787798244
2916,valve,0.00010012983119467261
